{"cameraMode":{"drawMode":0,"name":"Shaded","section":"Shading Mode"},"sceneLighting":true,"audioPlay":false,"sceneViewState":{"showFog":true,"showMaterialUpdate":false,"showSkybox":true,"showFlares":true,"showImageEffects":true,"showParticleSystems":true,"showVisualEffectGraphs":true,"m_FxEnabled":false},"in2DMode":false,"pivot":{"x":-0.000001430511474609375,"y":0.025000572204589845,"z":4.999998092651367},"rotation":{"x":0.2872873544692993,"y":0.2758411169052124,"z":-0.08709578961133957,"w":0.9134307503700256},"size":6.391726493835449,"orthographic":false}