{"cameraMode":{"drawMode":0,"name":"Shaded","section":"Shading Mode"},"sceneLighting":false,"audioPlay":false,"sceneViewState":{"showFog":true,"showMaterialUpdate":false,"showSkybox":true,"showFlares":true,"showImageEffects":true,"showParticleSystems":true,"showVisualEffectGraphs":true,"m_FxEnabled":false},"in2DMode":false,"pivot":{"x":1.736952543258667,"y":17.348487854003908,"z":-9.100333213806153},"rotation":{"x":0.024265211075544359,"y":0.05096876621246338,"z":-0.001420339336618781,"w":0.9985000491142273},"size":5.701141834259033,"orthographic":false}