{"cameraMode":{"drawMode":0,"name":"Shaded","section":"Shading Mode"},"sceneLighting":false,"audioPlay":false,"sceneViewState":{"showFog":true,"showMaterialUpdate":false,"showSkybox":true,"showFlares":true,"showImageEffects":true,"showParticleSystems":true,"showVisualEffectGraphs":true,"m_FxEnabled":false},"in2DMode":false,"pivot":{"x":-0.7995090484619141,"y":21.179536819458009,"z":-12.690720558166504},"rotation":{"x":0.1848779022693634,"y":-0.06693292409181595,"z":0.012432890944182873,"w":0.9807324409484863},"size":4.467170715332031,"orthographic":false}