{"cameraMode":{"drawMode":0,"name":"Shaded","section":"Shading Mode"},"sceneLighting":true,"audioPlay":false,"sceneViewState":{"showFog":true,"showMaterialUpdate":false,"showSkybox":true,"showFlares":true,"showImageEffects":true,"showParticleSystems":true,"showVisualEffectGraphs":true,"m_FxEnabled":false},"in2DMode":false,"pivot":{"x":-1.7698924541473389,"y":14.074135780334473,"z":-7.08188533782959},"rotation":{"x":0.40375760197639468,"y":-0.035022199153900149,"z":0.015121099539101124,"w":0.9143533706665039},"size":10.738517761230469,"orthographic":false}