{"cameraMode":{"drawMode":0,"name":"Shaded","section":"Shading Mode"},"sceneLighting":false,"audioPlay":false,"sceneViewState":{"showFog":true,"showMaterialUpdate":false,"showSkybox":true,"showFlares":true,"showImageEffects":true,"showParticleSystems":true,"showVisualEffectGraphs":true,"m_FxEnabled":false},"in2DMode":false,"pivot":{"x":-0.06490384042263031,"y":15.311407089233399,"z":-13.518991470336914},"rotation":{"x":0.10210060328245163,"y":-0.0283613633364439,"z":0.002712855115532875,"w":0.9944425821304321},"size":5.707395553588867,"orthographic":false}