{"cameraMode":{"drawMode":0,"name":"Shaded","section":"Shading Mode"},"sceneLighting":true,"audioPlay":false,"sceneViewState":{"showFog":true,"showMaterialUpdate":false,"showSkybox":true,"showFlares":true,"showImageEffects":true,"showParticleSystems":true,"showVisualEffectGraphs":true,"m_FxEnabled":false},"in2DMode":false,"pivot":{"x":-7.232875823974609,"y":2.905752182006836,"z":2.1632611751556398},"rotation":{"x":-0.015276173129677773,"y":-0.6743062138557434,"z":0.014874370768666268,"w":-0.7383497953414917},"size":0.5780903100967407,"orthographic":false}