{"cameraMode":{"drawMode":0,"name":"Shaded","section":"Shading Mode"},"sceneLighting":true,"audioPlay":false,"sceneViewState":{"showFog":true,"showMaterialUpdate":false,"showSkybox":true,"showFlares":true,"showImageEffects":true,"showParticleSystems":true,"showVisualEffectGraphs":true,"m_FxEnabled":false},"in2DMode":false,"pivot":{"x":0.06841592490673065,"y":20.08347511291504,"z":-12.765167236328125},"rotation":{"x":0.01831408217549324,"y":0.005371371749788523,"z":-0.0005824504187330604,"w":1.0001232624053956},"size":5.824283599853516,"orthographic":false}