{"cameraMode":{"drawMode":0,"name":"Shaded","section":"Shading Mode"},"sceneLighting":true,"audioPlay":false,"sceneViewState":{"showFog":true,"showMaterialUpdate":false,"showSkybox":true,"showFlares":true,"showImageEffects":true,"showParticleSystems":true,"showVisualEffectGraphs":true,"m_FxEnabled":false},"in2DMode":false,"pivot":{"x":0.05994801223278046,"y":17.372108459472658,"z":-12.323724746704102},"rotation":{"x":-0.01918838918209076,"y":-0.00514238141477108,"z":-0.0003647143021225929,"w":1.0000700950622559},"size":4.914510726928711,"orthographic":false}